"id","name","latitude","longitude"
"452","1925C4","43.6004246831643","3.90040595142034"
"453","19265A","43.6024479086633","3.90135152916673"
"454","19265B","43.5973198640552","3.90119321819225"
"455","19265C","43.6011222371668","3.89877441757938"
"457","19265E","43.5989777389476","3.90482027593146"
"458","19265F","43.6003765514713","3.89862340458342"
"459","192660","43.6020513645477","3.89808749379017"
"460","192661","43.6027350283446","3.90475535268922"
"461","192662","43.6016780673255","3.90158555260132"
"462","192663","43.6013858793319","3.89825444246151"
"463","192664","43.6012539793371","3.89922624556414"
"466","192667","43.6038800528224","3.89990906857554"
"470","19266B","43.6017578511493","3.89899515969569"
"472","19266D","43.6025654456241","3.89867737910515"
"473","19266E","43.6147131391754","3.87961390841654"
"474","19266F","43.6150208","3.8773348"
"475","192670","43.60267","3.8807"
"476","192671","43.6017193917385","3.90041039184689"
"477","192672","43.6031796121957","3.89841377983043"
"478","192673","43.5991168105681","3.90347222414789"
"479","192674","43.6019855725883","3.8980881476765"
"480","192675","43.6048623222492","3.89937898401638"
"481","192676","43.5989462586077","3.90473454487892"
"482","192677","43.6014740962547","3.89824548022489"
"484","192679","43.6024557353968","3.89840639621411"
"485","19267A","43.6016930832275","3.90046278216516"
"486","19267B","43.6020243628941","3.9017525634971"
"487","19267C","43.6018170210477","3.89899898682199"
"488","19267D","43.6014994348172","3.89822654753539"
"489","19267E","43.5973189940007","3.90131252009314"
"490","19267F","43.5985199061565","3.90023162276361"
"491","192680","43.599756105184","3.90193616047088"
"492","192681","43.603180175294","3.89847338988716"
"493","192682","43.6004428777783","3.9019469782977"
"494","192683","43.5984713961293","3.90376322863005"
"495","192684","43.5991138520787","3.90138763996856"
"496","192685","43.5998696193818","3.90225579865819"
"497","192686","43.5979153251369","3.90239763859267"
"498","192687","43.5979717916346","3.90222872557933"
"499","192688","43.6025714090806","3.89861199602512"
"500","192689","43.604894634975","3.89935741276747"
"501","19268A","43.6030513874777","3.89831837068402"
"554","195B58","43.63789429656","3.92678943008468"
"555","195B5B","43.6248917154837","3.82264200160512"
"557","195B5E","43.6352309216582","3.82012399572977"
"558","195B5F","43.6340865180482","3.90615111965087"
"559","195B60","43.6276692359737","3.89970516127937"
"560","195B61","43.6263309018401","3.82338504670884"
"563","195B64","43.6367734876905","3.92691275712355"
"564","195B65","43.645362588118","3.91627023119668"
"565","195B66","43.6453298878997","3.91627061845554"
"566","195B67","43.6390914625234","3.9256532899268"
"567","195B68","43.6368346658217","3.92720136815717"
"568","195B69","43.6367739772382","3.92688764684294"
"569","195B6A","43.6396076478436","3.92782212437089"
"570","195B6C","43.6321902908629","3.90031307521963"
"572","195B6E","43.6452866531613","3.91629747350703"
"574","195B70","43.6262095081887","3.82533777763513"
"575","195B71","43.6394037461887","3.92734002282009"
"577","195B73","43.63901986346","3.92568328904633"
"578","195B74","43.6389703415232","3.92603007912226"
"579","195B75","43.6385367991828","3.9276857758291"
"580","195B76","43.6327665126808","3.91186494033411"
"583","195B79","43.6450786147776","3.92380402848278"
"586","195B7D","43.6446601270568","3.92442191726684"
"587","195B7E","43.6410677930108","3.92323519016054"
"590","195B81","43.6411698409302","3.90861789830603"
"591","195B82","43.6440728334385","3.81871822797962"
"592","195B83","43.6440596732684","3.91244575077144"
"593","195B84","43.6449968330328","3.91493038688191"
"594","195B85","43.6445777322125","3.92401046183852"
"596","195B87","43.6387608668998","3.92585949434851"
"597","195B88","43.6390735354395","3.92560520858376"
"598","195B89","43.58081","3.85754"
"600","195B8B","43.6236263573627","3.90844070760966"
"603","195B8E","43.6262416250009","3.82534812719609"
"604","195424","43.6448713269739","3.91489179583232"
"605","195425","43.6298550109675","3.90389277839586"
"606","195426","43.6440498030671","3.91240592983297"
"607","195427","43.6423357759603","3.92210672788042"
"608","195428","43.6373032243969","3.91560646518019"
"609","195429","43.6340405993344","3.90597021621716"
"610","19542A","43.6395426189527","3.92189895750619"
"611","195432","43.6328454454564","3.90092703253538"
"612","195439","43.6335072933586","3.90758650129567"
"613","195448","43.6313945525458","3.90740839415935"
"615","19544A","43.6340662819314","3.90630952035315"
"616","195B2A","43.6390078500947","3.92564448674761"
"617","195B2B","43.6366996951949","3.92193390285252"
"618","195B2C","43.6419413442793","3.92267151566102"
"619","195B2D","43.6412312664824","3.92272032825645"
"620","195B2E","43.6387456965408","3.92761173201711"
"621","195B2F","43.6324368430079","3.90396099047166"
"622","195B30","43.6340828565569","3.89841371525642"
"623","195B31","43.6446133007265","3.92400139782205"
"624","195B32","43.6429739383328","3.91425466627493"
"626","195B34","43.6360400407307","3.91509296681875"
"627","195B35","43.6420608352597","3.92249357344406"
"628","195B36","43.645690578676","3.91780825951787"
"629","195B37","43.6389751152757","3.9238101132571"
"631","195B39","43.6411868634824","3.92273052461712"
"635","195B41","43.6332766109735","3.89949529628188"
"637","195B43","43.6148802","3.8328448"
"638","195B44","43.6452515201727","3.91629780534754"
"639","195B45","43.6328362602738","3.90088004303311"
"640","195B4A","43.6328311044468","3.89724386971693"
"643","195B4F","43.6354110178537","3.91348533770361"
"645","195B51","43.6324295566728","3.89752057488897"
"646","195B52","43.6318718141073","3.91190701620815"
"647","195B53","43.6318701433144","3.9118384769414"
"649","195B55","43.6306853970776","3.90570395253553"
"651","195B57","43.624715686352","3.9046977069487"
"653","195B5A","43.6276092572416","3.89959141014037"
"654","1953E0","43.6381069938104","3.92963298228847"
"655","1953E1","43.6376008683487","3.92944127107182"
"656","1953E2","43.6324232902249","3.89614197015339"
"657","1953E3","43.6341232851849","3.90614319777046"
"658","1953E4","43.6249874859684","3.90447607549618"
"659","1953E5","43.625022288071","3.90620779299968"
"660","1953E6","43.6385113911561","3.90747186695819"
"661","1953E7","43.6259007599246","3.90117758488941"
"662","1953E8","43.6313418577203","3.90743102602539"
"663","1953E9","43.628061463088","3.90124804679886"
"664","1953EA","43.6327519587122","3.9117509131097"
"666","1953EC","43.6341402917556","3.90640505959959"
"667","1953ED","43.6359228711427","3.91511666253907"
"668","1953EE","43.6329902137999","3.91596674154243"
"669","1953EF","43.6378208824078","3.90402205594319"
"670","1953F0","43.6385127634015","3.90751231434274"
"671","1953F1","43.6341112824523","3.90642807964286"
"672","1953F2","43.6335238053116","3.90762623201601"
"674","1953F4","43.6225760556023","3.89874174595616"
"675","1953F5","43.622713370736","3.89880712532943"
"676","1953F6","43.618078200776","3.89828204486355"
"677","1953F7","43.6328630441996","3.9009555770084"
"678","1953F8","43.6227462336767","3.89814976665775"
"679","1953F9","43.6231612368805","3.89894066994191"
"680","1953FA","43.622318102204","3.8982931204888"
"681","1953FB","43.6224423777675","3.89869133772743"
"682","1953FC","43.622221538539","3.89861477257818"
"683","1953FD","43.6180841771531","3.89831736271481"
"684","1953FE","43.6378281530639","3.92938214638923"
"685","1953FF","43.6330793541461","3.89625850250582"
"686","195400","43.6255645361157","3.90441400082523"
"687","195401","43.6225452058933","3.89873826153143"
"688","195402","43.6224941588042","3.89870979568047"
"689","195403","43.6224644919992","3.89870602867029"
"690","195404","43.6228064059709","3.89881726305987"
"691","195405","43.6228357907945","3.898837574445"
"692","195406","43.6223350107796","3.89823970756891"
"693","195407","43.6340947406238","3.90629364864594"
"694","195408","43.6324195940605","3.89639635356025"
"695","195409","43.6380741237916","3.92964731070651"
"696","19540A","43.6256379023843","3.90518009671803"
"697","19540B","43.6225195301613","3.8987252882556"
"698","19540C","43.625461467615","3.90559713118762"
"699","19540D","43.6223735645019","3.8980025720939"
"700","19540E","43.622251350955","3.89863128913339"
"701","19540F","43.6231316289263","3.8989303951189"
"702","195410","43.6232260031974","3.89923884133771"
"703","195411","43.6228675408076","3.89883373000259"
"704","195412","43.6327652268039","3.89655584061393"
"706","195414","43.6256496923386","3.90513675515137"
"707","195415","43.632400657532","3.89640762186855"
"708","195416","43.6252818599132","3.90444716728268"
"710","195418","43.6372941717602","3.91555605586325"
"713","19541B","43.6337481552205","3.91628542864601"
"715","19541D","43.629250652799","3.8987704418555"
"717","19541F","43.6359597776253","3.92564906327084"
"718","195420","43.6378175798168","3.90404671996384"
"719","195421","43.6281043994086","3.89796629581144"
"720","195422","43.638147372838","3.92900751703201"
"721","195423","43.6353923875871","3.89087237430931"
"722","19542B","43.6373394410431","3.89404799233546"
"723","19542C","43.633608816945","3.92026174441412"
"724","19542D","43.6253720096118","3.90432797075755"
"725","19542E","43.6291447702261","3.89585885347697"
"726","19542F","43.626142890716","3.90133774623905"
"727","195430","43.6343654032615","3.89528172770201"
"728","195431","43.6230509120007","3.89954307716744"
"729","195433","43.6342812247078","3.91477574840007"
"730","195434","43.6373261969624","3.91146085686387"
"731","195435","43.6402622298195","3.9144594165582"
"732","195436","43.6381996302731","3.91444838318603"
"733","195437","43.6381512290914","3.92905285259235"
"734","195438","43.6408798871989","3.91216423997605"
"735","19543A","43.6377864509428","3.90609445301845"
"736","19543B","43.6329800571499","3.91737613330724"
"737","19543C","43.6362932454625","3.9275429578795"
"738","19543D","43.6323240292986","3.89530410862653"
"740","19543F","43.62275134259","3.89881211609816"
"741","195440","43.6378194347008","3.92456124377622"
"742","195441","43.6327096500448","3.89550191859814"
"743","195442","43.6430019119944","3.92969941201886"
"744","195443","43.6390987322582","3.9274574518131"
"745","195444","43.6382664071501","3.92717902419645"
"746","195445","43.6373329593976","3.92409279382423"
"747","195446","43.6377697342932","3.93020151066446"
"748","195447","43.6374137516503","3.92695378041378"
"749","19544B","43.6315503221673","3.90548311271129"
"751","195B28","43.6370532945693","3.92668016781806"
"752","195B29","43.6356838000468","3.92570506605227"
"762","194CBD","43.6248827811154","3.86776967351557"
"763","194CCB","43.6118102533276","3.86616074386143"
"764","194CE1","43.6254983343093","3.86670968944827"
"765","194CE2","43.6218887126496","3.87244530592341"
"766","194CE3","43.6214357142588","3.87397901236"
"767","194CE4","43.6220341072658","3.86684165231873"
"768","194CE5","43.6030350351806","3.87140872985196"
"769","194CE6","43.6234002","3.8662217"
"770","194CE7","43.6267337787641","3.87381334011764"
"771","194CE8","43.6060947323195","3.88164480389071"
"772","194CE9","43.6101136","3.8713933"
"773","194CEA","43.6013982017005","3.88214824041324"
"774","194CEB","43.6228945794631","3.86777414832886"
"775","194CEC","43.6196620882661","3.87236505951614"
"776","194CED","43.6179808641062","3.88226520161652"
"777","194CEE","43.6220337732741","3.87743199202373"
"778","194CEF","43.6061649339878","3.88156959679361"
"779","194CF0","43.6129791581008","3.86959209385714"
"780","194CF1","43.6068286624018","3.8810033215716"
"781","194CF2","43.6164798806481","3.86949326216677"
"782","194CF3","43.6059955070314","3.8708648931671"
"783","194CF4","43.6196593633908","3.8723416791687"
"784","194CF5","43.6163028025141","3.86582619577052"
"785","194CF6","43.6061383884592","3.88158483257155"
"786","194CF7","43.6061247137848","3.88162274530509"
"787","194CF8","43.6048411746398","3.8776971900262"
"788","194CF9","43.6146288793357","3.86942406501828"
"789","194CFA","43.6052409424736","3.86610374008808"
"790","194CFB","43.6110430124245","3.86270648991967"
"791","194CFC","43.6114514990056","3.86556529197605"
"792","19544D","43.6244837878997","3.86621776584855"
"793","19544E","43.6185888861933","3.86440997402508"
"794","195450","43.6168820646727","3.86801802492948"
"795","195451","43.605137176516","3.87023321745937"
"796","195452","43.6037934808098","3.87276051952961"
"797","195453","43.604405750947","3.88196735188626"
"798","195454","43.6059721281067","3.87084513006369"
"799","195455","43.6101516923158","3.87142784741241"
"800","195456","43.6182960696257","3.86387165411202"
"801","195457","43.6048164562333","3.87338264782341"
"802","195458","43.6216540500569","3.88572454973564"
"803","195459","43.6185694739131","3.87550990070042"
"804","19545A","43.6052176051764","3.86953698633624"
"805","19545F","43.6034230234764","3.87340252181457"
"806","195460","43.6087131185193","3.8690650555061"
"807","195462","43.6051016916173","3.86824200655371"
"808","195463","43.6038199866088","3.87280269514008"
"809","195464","43.6124488708491","3.87181075043338"
"810","195465","43.6105526658133","3.86901868852215"
"811","195466","43.6176032154672","3.8623431272581"
"812","194B9F","43.6188113541512","3.87349798216837"
"813","194BA0","43.6108865508168","3.85433699303519"
"814","194BA1","43.61712784371","3.88349202163079"
"815","194BA2","43.6198625631709","3.88303549658701"
"816","194BA3","43.6142789163455","3.8307749244085"
"817","194BA4","43.6186384399617","3.87561804530662"
"818","194BA5","43.6171301135438","3.88121348193522"
"819","194BA6","43.6077307232536","3.86522594493931"
"820","194BA7","43.6069713655803","3.85706570492334"
"821","194BA8","43.6171557294294","3.88352271039992"
"822","194BA9","43.6229681046452","3.86953947393772"
"823","194BAA","43.6169443573577","3.87627528161568"
"824","194BAC","43.6049684018914","3.86331930533152"
"825","194BAD","43.6164146712293","3.87883321817571"
"826","194BAE","43.6226034899977","3.88457680389433"
"827","194BAF","43.5977118746298","3.86445184668412"
"828","194BB0","43.6172483974107","3.8824148971496"
"829","194BB1","43.6194506302298","3.88350773353056"
"830","194BB2","43.617227584714","3.88145398486756"
"831","194BB3","43.617267837412","3.88237292572569"
"832","194BB4","43.6009120010401","3.8672021816177"
"833","194BB5","43.600924670718","3.86716868468977"
"834","194BB6","43.601021817417","3.86730307420248"
"835","194BB7","43.5985760225148","3.86228459017207"
"836","194BB8","43.6073380375447","3.85688201731398"
"837","194BB9","43.6005155887252","3.86749282433004"
"838","194BBA","43.6129756840924","3.83089632114672"
"839","194BBB","43.6130054543336","3.83089305503438"
"840","194BBC","43.6110197705544","3.85435234839861"
"841","194BBD","43.622361155324","3.88366548834415"
"842","194BBE","43.6125096605557","3.83095187853473"
"843","194BBF","43.5966455814872","3.86329330658498"
"844","194BC1","43.6035045599925","3.86413177282247"
"845","194BC2","43.6124630108197","3.83095033236179"
"846","194BC3","43.6081012468067","3.85427164149132"
"847","194BC4","43.6021373839017","3.86645809788956"
"848","194BC5","43.6021148408102","3.86654023981987"
"849","194BC6","43.6065821775278","3.86485378225757"
"850","194BC7","43.596678855828","3.86334023625443"
"851","1961A6","43.6147361138927","3.88087131814166"
"852","1961AB","43.619999087307","3.87372759648338"
"853","1961AC","43.6186772273805","3.87566458538163"
"854","1961AD","43.6173013911819","3.87177190306625"
"855","1961AE","43.6109531263262","3.85434305913975"
"856","1961E1","43.5993374024897","3.863106073729"
"857","1961E2","43.6188192066004","3.87350418303447"
"858","1961E3","43.6199161864814","3.87402811864183"
"859","1961E4","43.617017911827","3.87259154422998"
"860","1961E5","43.6194133223069","3.87371768707317"
"861","1961FC","43.6196819252714","3.88373274280229"
"862","194B28","43.5782136825721","3.86871156337952"
"863","194B26","43.6363283021809","3.83777731575879"
"864","195279","43.6064207891805","3.86864917946832"
"865","195283","43.6035577169233","3.86762167908375"
"866","195280","43.601775366884","3.8738353780177"
"867","195281","43.6133867378943","3.89181710237597"
"868","195282","43.6062004825957","3.87108491097399"
"869","19527D","43.6048479582432","3.86731642447558"
"870","19527E","43.6025223865066","3.86791891039911"
"871","19527F","43.6363952210476","3.83742363330737"
"872","19526E","43.6163048481624","3.88415371354154"
"873","19527B","43.6062229618069","3.87109225049528"
"874","19527C","43.6375258873572","3.83561667495837"
"875","194B13","43.6125673422335","3.89334560377949"
"876","194B12","43.6380425464303","3.83558399736955"
"877","194B11","43.6359006301584","3.83900649218799"
"878","194B10","43.6101524587083","3.89131449333865"
"879","194B0F","43.603218108881","3.88272166903141"
"880","194B0E","43.6379820212128","3.83546266632106"
"881","194B0D","43.6363761324265","3.83872524694607"
"882","194B0C","43.6365104508232","3.83910867700195"
"883","194B0B","43.6364865652562","3.83909150526699"
"884","194B0A","43.6365359261126","3.83913006012153"
"885","194B14","43.6353677987481","3.8281225677174"
"886","194B15","43.6101714090373","3.88852610062736"
"887","194B16","43.6061690575574","3.8710724690925"
"888","194B17","43.6364391","3.8372061"
"889","194B18","43.6370821997793","3.83604415900083"
"890","194B19","43.6071845802206","3.88441192850303"
"891","194B1A","43.6101496845467","3.89126298632107"
"892","194B1B","43.6364177741818","3.83726973660191"
"893","194B1C","43.6030146524276","3.87067141615682"
"894","194B1D","43.6363673373673","3.83774433641247"
"895","194B05","43.6008283774172","3.88049194263522"
"896","194B04","43.5841759349827","3.85949798063075"
"897","194B03","43.5821201365204","3.86082029936961"
"898","194B09","43.6040957743845","3.87474451106334"
"899","194B08","43.5840806804949","3.85958469467926"
"900","194B06","43.6022273640629","3.86942187916429"
"901","194B00","43.6064621067957","3.87194015914383"
"902","194AFF","43.6333111426564","3.83315898734611"
"903","194B02","43.5808883768445","3.85766110308248"
"904","194B01","43.6372785445142","3.83579705709963"
"905","194B07","43.6102009","3.8714615"
"906","194B98","43.5877579003955","3.8708708103585"
"907","194B99","43.5902063326043","3.86502897533705"
"908","194B9A","43.6169007804665","3.88484885822231"
"909","194B9B","43.5904862789408","3.86701823959322"
"910","194B9C","43.6154835170482","3.88082188202634"
"911","194B9D","43.6309297137695","3.83435372698557"
"912","19527A","43.6177805729183","3.89003028593777"
"913","19529A","43.6301698080458","3.83604756891236"
"914","1952EE","43.5821577199517","3.86084737319982"
"915","1952EF","43.5864346678505","3.85496615907266"
"916","1952F0","43.6178214665426","3.88206499240789"
"917","1952F1","43.5904728748995","3.86709299945824"
"918","1952F2","43.5822226465282","3.85797090919709"
"919","1952F3","43.6380191845592","3.83543551713115"
"920","1952F4","43.6010597482423","3.86547843836388"
"921","1952F5","43.6319902558479","3.83373907303803"
"922","1952F6","43.6326366190912","3.83333675216943"
"923","1952F7","43.616682363554","3.89272942786238"
"924","1952F8","43.5954818808214","3.86695666306957"
"925","1952F9","43.6179508601826","3.89158061361786"
"926","1952FA","43.6354050034545","3.82810215254358"
"927","1952FB","43.5861629658725","3.85364745643676"
"928","1952FC","43.5869754485628","3.87310885967554"
"929","1952FD","43.5796164997895","3.85669779436171"
"930","1952FE","43.5889169170783","3.86459644664694"
"931","1952FF","43.6178456137172","3.89190203762075"
"932","195300","43.5869924547241","3.87318829172023"
"933","195301","43.630336517727","3.83499630895699"
"934","195302","43.6166294552987","3.88023712778624"
"935","195303","43.6250981978032","3.87557814875322"
"936","195304","43.6033673431168","3.8736317795865"
"937","195305","43.6348668770025","3.82845270739267"
"938","195306","43.6151326224526","3.82777700075621"
"939","195307","43.6151316963277","3.87790112180437"
"940","195308","43.6159964815469","3.88038325377374"
"941","19530A","43.6175236199649","3.87421438749902"
"942","19530B","43.6041459857946","3.87098450720987"
"943","19530C","43.6065911907556","3.87175253331338"
"944","19530D","43.6364638974444","3.83907440369228"
"945","19530E","43.5990398687037","3.87382249395046"
"946","19530F","43.6340466424812","3.83271946634557"
"947","195310","43.6215175521492","3.86605559406769"
"948","195311","43.6181291369178","3.88063507174991"
"949","195312","43.6219520418431","3.87243040485509"
"950","195313","43.5809007256871","3.85686261766386"
"951","195314","43.6326561291519","3.83330624681162"
"952","195315","43.5954928533672","3.86691769507638"
"953","195316","43.6181467328258","3.89143639684357"
"954","195317","43.6340445026136","3.83054610412"
"955","195349","43.6160895770996","3.86307044003536"
"956","19534A","43.603392216725","3.89365468910421"
"957","19534B","43.6127684179265","3.86483066805636"
"958","19534C","43.6124114740597","3.86027365331915"
"959","19534D","43.6062957663431","3.89250288572146"
"960","19534E","43.5983812664388","3.88159619664668"
"961","19534F","43.6010976887495","3.87817843161542"
"962","195350","43.6114790653149","3.86505000435693"
"963","195351","43.602144631591","3.89347468814844"
"964","195352","43.6068960573868","3.87111965532472"
"965","195353","43.6184589744373","3.84817048364562"
"966","195354","43.6128247411693","3.86904127456069"
"967","195355","43.6122399617362","3.86655687821758"
"968","195356","43.6028352564588","3.8692218377048"
"969","195357","43.6010606901859","3.87815571956503"
"970","195358","43.6183732057146","3.848231441081"
"971","195359","43.6127855132244","3.86480241934362"
"972","19535A","43.6097486432723","3.86451389088347"
"973","19535B","43.6120971190216","3.86141702186592"
"974","19535C","43.6062732084068","3.89166733417824"
"975","19535D","43.6065055607355","3.88339775042675"
"976","19535E","43.6045583803207","3.87824188917875"
"977","195A44","43.61063920121","3.84951104672268"
"978","195A45","43.6106439202776","3.86332150366945"
"979","195A46","43.6068363295889","3.87120170342416"
"980","195A47","43.6059138533871","3.88653712153632"
"981","195A48","43.6073929304257","3.88697675429285"
"982","195A49","43.6153472504513","3.85527186885724"
"983","195A4A","43.6021031938909","3.89528243886662"
"984","195A4B","43.6152277725973","3.86397627338829"
"985","195A4C","43.6097960899578","3.86375007190895"
"986","195A4D","43.6106039378566","3.8625360981315"
"987","195A4E","43.6052869774771","3.86618590977048"
"988","195A4F","43.6111453715715","3.86206408386579"
"989","195A50","43.6147740556665","3.85700636782042"
"990","195A51","43.6062024786561","3.89273850854386"
"991","195A52","43.6022427340431","3.89336099419393"
"992","195A53","43.6101447092369","3.86992737650871"
"993","195A54","43.6100127375047","3.86311560526076"
"994","195A55","43.6089715889275","3.86787607000008"
"995","195A56","43.611438640033","3.8578455761301"
"996","195A57","43.6154828854812","3.85573701859846"
"997","195A58","43.6145692560091","3.86836342658557"
"999","195A5A","43.6144772506718","3.85746149992758"
"1000","195A5B","43.6147834217795","3.85703299186355"
"1001","195A5C","43.6105594075331","3.86895072569109"
"1002","195A5D","43.618425004548","3.84820577718324"
"1003","195A5E","43.603612852039","3.89581485386941"
"1004","195A5F","43.6101490638999","3.87000364952723"
"1005","194AEC","43.6033819805654","3.88770387278248"
"1006","1959F6","43.6030518040593","3.87059867436312"
"1007","1959F7","43.6038281070068","3.87285475619137"
"1008","1959F8","43.6031697399042","3.86724889978223"
"1009","1959F9","43.6072006459989","3.8679263087123"
"1010","1959FA","43.6022101745741","3.8681741619381"
"1011","1959FB","43.6144494975265","3.85745973416647"
"1012","1959FC","43.5977294542622","3.88565076537088"
"1013","1959FD","43.6087105931964","3.89136720344061"
"1014","1959FE","43.6015763432938","3.8689454248223"
"1015","1959FF","43.6102657346707","3.86387253000362"
"1016","195A00","43.6070600197092","3.889557063751"
"1017","195A01","43.6074903269222","3.88695248406941"
"1018","195A02","43.6069589168778","3.89369435113281"
"1019","195A03","43.6060232407205","3.89477723721075"
"1020","195A04","43.6060123772975","3.89487683725622"
"1021","195A05","43.6067208444234","3.89652774438912"
"1022","195A06","43.606032535438","3.89492889172743"
"1023","195A07","43.6066942872954","3.89653385296356"
"1024","195A08","43.605701812736","3.89359581044243"
"1025","195A09","43.6077782192318","3.89582639935054"
"1026","195A0A","43.6048466702362","3.86728048536634"
"1027","195A0B","43.6087033342129","3.89129794635699"
"1028","195A0C","43.5995283673859","3.88210152729141"
"1029","195A0D","43.5978222315246","3.88551915726953"
"1030","195A0E","43.5978609967929","3.8854763864955"
"1031","195A0F","43.5994661632512","3.88169340191712"
"1032","195A10","43.6168094815686","3.86158592878576"
"1033","195A11","43.5997312637743","3.88332145636593"
"1034","195A12","43.6065113762279","3.86871093348532"
"1035","195A13","43.6046309169483","3.89089279174141"
"1036","195A14","43.6022178680002","3.86815229486501"
"1037","195A15","43.6071800906451","3.89124499628679"
"1038","195A16","43.604643930196","3.8909330724282"
"1039","195A17","43.604957734533","3.88535558749345"
"1040","195A18","43.6048044322668","3.88610744684433"
"1041","195A19","43.6160482509247","3.86302929178862"
"1042","195A1A","43.6074681417744","3.88666271734724"
"1043","195A1B","43.6073771103661","3.86873215049309"
"1044","195A1C","43.6073561338708","3.88705219142139"
"1045","195A1D","43.608743947121","3.89143182728708"
"1046","195A1E","43.6073820339516","3.88674625195563"
"1047","195A1F","43.6045704197453","3.88775721067987"
"1048","195A20","43.6082511","3.8944405"
"1049","195A21","43.6069639722185","3.89358247887048"
"1050","195A22","43.6068959687859","3.89450230246723"
"1051","195A23","43.6082481","3.8944148"
"1052","195A24","43.6069601679374","3.89362957540266"
"1053","195A25","43.6070293156512","3.89261961800662"
"1054","195A26","43.6068795835028","3.89589696709572"
"1055","194B2E","43.5872915884183","3.85237170279697"
"1056","194B2F","43.6188021470843","3.90312219552243"
"1057","194B30","43.6166064298992","3.89717963154214"
"1058","194B37","43.6008440819855","3.91447258612084"
"1059","194B38","43.5992297929319","3.86223862368377"
"1060","194B39","43.6177922439466","3.91254688657716"
"1061","194B3A","43.6141761860034","3.90686639070964"
"1062","194B3B","43.5930739427785","3.84140100164291"
"1063","194B3C","43.6100992740724","3.86314615858464"
"1064","194B3D","43.6177730207492","3.91250350544226"
"1065","194B3E","43.6236881528477","3.81612433050725"
"1066","194B3F","43.6054193589204","3.8853761431202"
"1068","194B41","43.6173757557659","3.91204379321903"
"1072","194B45","43.5938057284869","3.84253628160559"
"1073","194B46","43.5980435075612","3.83371849833736"
"1074","194B47","43.5915550031442","3.84953713942753"
"1078","194B4B","43.5881328683429","3.85283465719351"
"1080","194B4D","43.5948078189905","3.8325370051765"
"1081","194B4E","43.5938326724736","3.8427033350888"
"1082","194B4F","43.5881170127854","3.85286468075617"
"1083","194B50","43.5931311725217","3.84183306373097"
"1084","194B51","43.5901574924772","3.8519295655035"
"1085","194B53","43.6139693977474","3.90634862889965"
"1086","194B54","43.6077500508261","3.91126546753969"
"1087","194B55","43.5976748465081","3.86620161444239"
"1088","194B56","43.6418595150392","3.81792970324091"
"1089","194B57","43.6130424280733","3.85245210176424"
"1090","194B58","43.6170729633049","3.88346282641646"
"1091","194B59","43.6184458241781","3.89992900201219"
"1092","194B5A","43.6278837960905","3.82563882220609"
"1093","194B5B","43.6104866305489","3.87105082177868"
"1094","194B5C","43.6084462427923","3.86324980444999"
"1095","194B5D","43.644033990573","3.81920300820559"
"1096","194B5E","43.6430634627","3.81809746121905"
"1097","194B5F","43.6115903013725","3.85528416544707"
"1098","194B60","43.6010875037094","3.87910690846365"
"1099","194B61","43.6418921221988","3.81790483994121"
"1100","194B62","43.6146048980685","3.93026685100131"
"1101","194B63","43.5912363564129","3.84734157486389"
"1102","194B64","43.6237048653324","3.8163306652375"
"1105","19470C","43.6029229367032","3.88293275348076"
"1106","19470D","43.6029718373172","3.88078580444994"
"1107","19470E","43.6078499806493","3.88848194278773"
"1108","19470F","43.6035737530083","3.889755784459"
"1109","194710","43.6002976400727","3.86911202642261"
"1110","194711","43.6074119732324","3.88649279168726"
"1111","194712","43.6026813883418","3.88064790477301"
"1112","194713","43.6044748902129","3.89619779936845"
"1113","194714","43.603143771925","3.86726125306882"
"1114","194715","43.6046512283099","3.88375119642205"
"1115","1955B5","43.6062903610867","3.88497290521548"
"1116","195D1D","43.602045988664","3.88132156804204"
"1117","195D4B","43.6046918779621","3.88873888505327"
"1118","195D4C","43.6068489552342","3.89443229155574"
"1119","195D4D","43.6078681341851","3.88853095847344"
"1120","195D4E","43.6055172472137","3.89102482363978"
"1121","195D4F","43.6056171146653","3.88804402524784"
"1122","195D50","43.6064782074731","3.89095001743806"
"1123","195D51","43.6062090119814","3.89268026129491"
"1124","195D52","43.6036008724358","3.89599213005727"
"1125","195D53","43.6044158502177","3.89617216178101"
"1126","195D54","43.601986728337","3.88133746890981"
"1127","195D55","43.6002725387112","3.86914727893418"
"1128","195D56","43.6046760373452","3.88877058111655"
"1129","195D57","43.6069866606427","3.88898517949747"
"1130","195D58","43.6047151595836","3.88873767445045"
"1131","195D59","43.6055210819384","3.89109494693093"
"1132","195D5A","43.6020977757233","3.8952617788151"
"1133","195D5B","43.6059237908657","3.88655694326064"
"1134","195D5C","43.603286213902","3.88416081355876"
"1135","195D5D","43.6025043920652","3.88256911032101"
"1136","195D5E","43.6084595500533","3.88162696931977"
"1137","195D5F","43.6070314458271","3.89255046521089"
"1138","195D60","43.6065377413607","3.8801501636093"
"1139","195D61","43.6071772098898","3.89118301946576"
"1140","195D62","43.6055964153376","3.8880921709391"
"1141","195D63","43.6084242675046","3.89455694839216"
"1142","195D64","43.6034381070505","3.89040447495813"
"1143","195D65","43.606818728205","3.89588821158168"
"1144","195D66","43.6077453510206","3.89580674547938"
"1145","195D67","43.6029938596641","3.88282295606405"
"1146","195D68","43.6074214208507","3.88663283991445"
"1147","195D69","43.5982405627146","3.87922676280141"
"1148","195D6A","43.6089587471111","3.89269110485657"
"1149","195D6B","43.6089868756411","3.89269184874433"
"1150","195D6C","43.6049083570818","3.88560627486197"
"1151","195D6D","43.6090565720838","3.89268955631928"
"1152","195D6E","43.601947857224","3.88452664415854"
"1153","195D6F","43.6032792801279","3.88422375633468"
"1154","195D70","43.6052415430582","3.88399979295423"
"1155","194E21","43.5836649909097","3.85995094050145"
"1156","194E20","43.5838790246801","3.85601472876658"
"1157","194E07","43.5804218726784","3.85752610965415"
"1158","194E09","43.5838555968285","3.85602788182848"
"1159","194E06","43.6101745700523","3.88847975833505"
"1160","194DFC","43.58352401187","3.85867687139421"
"1161","194DFB","43.620970185669","3.89460775160342"
"1162","194DFE","43.6147915928237","3.8871613259339"
"1163","194DFD","43.5834941650569","3.85861284327632"
"1164","194DF9","43.5807393233827","3.85826477173339"
"1165","194E1F","43.5822102156529","3.85795751304886"
"1166","194E1E","43.6309074531284","3.83178946949238"
"1167","194E08","43.6163876845181","3.88563375044214"
"1168","194E22","43.6101770210228","3.88840515784455"
"1169","194E05","43.614721813841","3.88502109211595"
"1170","194DF2","43.6150471742272","3.88496876038391"
"1171","194DF0","43.630935989106","3.83178827884672"
"1172","194DF4","43.5796225883923","3.85667651067774"
"1173","194DF3","43.5830861353742","3.8577634757479"
"1174","194DFA","43.5831452959554","3.85787768592581"
"1175","194E1C","43.5844810498733","3.85684073150571"
"1176","194E1B","43.6342199500399","3.83274297870992"
"1177","194E1A","43.583592214339","3.86001339701852"
"1178","194E19","43.6213137742894","3.89337894827383"
"1179","194E18","43.6172398514211","3.88644406145193"
"1180","194E17","43.6153632371539","3.88581034234494"
"1181","194E16","43.6169943120298","3.88984395004297"
"1182","194E15","43.6165888570739","3.88798455497817"
"1183","194E14","43.6209180378556","3.89382626252927"
"1184","194E1D","43.5803335266225","3.85751047271924"
"1185","194E12","43.6344019659949","3.83138173677821"
"1186","194E11","43.5969272985427","3.86717563802495"
"1187","194E10","43.5973140407875","3.86904906647078"
"1188","194E0F","43.5990438513994","3.8750155763156"
"1189","194E0E","43.5973569471263","3.86904331267556"
"1190","194E0D","43.6004065057184","3.8667144258385"
"1191","194E0C","43.5983226151567","3.8680504432283"
"1192","194E0B","43.6175279494793","3.88986921409776"
"1193","194E0A","43.5807827187508","3.85829807491541"
"1194","194E13","43.5844691266957","3.85678422354363"
"4348","194FB5","43.6244363813419","3.82251126264055"
"4349","194FB4","43.6170307471579","3.9106338864882"
"4350","19570D","43.6052434707835","3.89600339322146"
"4351","19570C","43.608686","3.900891"
"4354","194FB9","43.625980957724","3.823044276372"
"4355","194FB7","43.6310354929913","3.83599745832464"
"4356","194FBA","43.6248278543638","3.82262179218355"
"4357","194CAE","43.6243399900683","3.82250142690987"
"4358","194FB6","43.6332290799254","3.83162311536933"
"4359","194C99","43.624390975537","3.82250814206407"
"4360","194CB0","43.607907","3.900847"
"4361","194CAF","43.6244478265976","3.82251228451764"
"4362","194CB1","43.6243020524483","3.82248436202269"
"4368","194A01","43.6119336066953","3.86428134207404"
"4369","1949F8","43.6181150542987","3.83641067753524"
"4370","1949E5","43.5925484575498","3.89352243429516"
"4371","1949D6","43.6415732264659","3.81728381095672"
"4372","1949F1","43.6280154033747","3.81691540910867"
"4373","1949DF","43.6395239953318","3.81359814904272"
"4374","1949F4","43.6280292598042","3.81689992434417"
"4375","1949FD","43.6413312256988","3.81452210071609"
"4376","1949F5","43.6117904","3.866023"
"4377","1949D8","43.5945945903417","3.8806211266392"
"4378","1949FA","43.614668841862","3.83255686381187"
"4379","1949EE","43.6146815953935","3.83248843698402"
"4380","1949ED","43.6328048646606","3.81938898706187"
"4381","1949E8","43.6223140240555","3.84059637012945"
"4382","1949EF","43.6268457570108","3.88115476686653"
"4383","1949D9","43.6415646101178","3.81723900683164"
"4384","1949E0","43.6280667437415","3.81689954508965"
"4385","1949E9","43.6292036576872","3.85722049114815"
"4386","1949FB","43.6268075085879","3.88021288415734"
"4387","1949FE","43.618392398187","3.83207301728385"
"4388","1949EA","43.6222729364475","3.8405790950618"
"4389","1949F7","43.6286226644264","3.8809658479538"
"4390","195FC9","43.6384277960746","3.81452586289561"
"4391","1949E1","43.6394636554306","3.81935744085422"
"4392","194A00","43.6172135877409","3.82705224849894"
"4393","1949E6","43.6148036474098","3.83308671216651"
"4394","1949FC","43.6271256052445","3.88878737335949"
"4395","1950EF","43.6368231341231","3.83685991967855"
"4396","1950BE","43.6338219013888","3.82893393794729"
"4397","1949EB","43.6123407161549","3.82536998744672"
"4398","1949DE","43.5924000423341","3.88467249968357"
"4399","1949E2","43.6328313818217","3.81939621567608"
"4400","1949F3","43.6325530333579","3.82172387254025"
"4401","1949FF","43.6270558629908","3.88886320195297"
"4402","1949DB","43.6324799710924","3.82104754734087"
"4403","1949DA","43.6407451848919","3.82017731659391"
"4404","1949F2","43.6325871272772","3.82163189525966"
"4405","1949F9","43.6270258484811","3.87402602377381"
"4406","195875","43.6415874813816","3.81734241779463"
"4407","1958C3","43.6172301422817","3.8466191440034"
"4408","1949E3","43.6405902095867","3.81380135606128"
"4409","1949F0","43.6279255459156","3.81687673304907"
"4410","1949E7","43.6110297066694","3.84626241198373"
"4411","1949DC","43.6430147427674","3.8185180973278"
"4412","1949D7","43.626998519707","3.81626010524872"
"4413","1949DD","43.6432579429092","3.8169119322273"
"4414","1949EC","43.6278249698344","3.87420289807176"
"4415","1949E4","43.6274151602007","3.8798449418955"
"4416","1949F6","43.6271722518267","3.88873396835481"
"4417","1949D5","43.5961153953104","3.89175016534409"
"4418","19510A","43.6064646643891","3.88337086309298"
"4419","195872","43.5925738486264","3.87311654085136"
"4420","195112","43.6043581832633","3.87682691059854"
"4421","19587B","43.6098288964528","3.84921766784487"
"4422","195103","43.6257461401518","3.81380690251058"
"4423","195101","43.6049575582102","3.88192745135439"
"4424","195107","43.6236846208724","3.81632447353547"
"4425","19586C","43.6424111129139","3.81949358498855"
"4426","1950FF","43.6195340523033","3.87358599282084"
"4427","195876","43.6312284836614","3.84404904365272"
"4428","19586A","43.629177561975","3.87840267282945"
"4429","195870","43.605426032607","3.86356425146778"
"4430","1950FC","43.6018711113257","3.8669444365222"
"4431","1950FA","43.6171521131456","3.91054146381123"
"4432","19510C","43.6280655394893","3.81691655670363"
"4433","1950F9","43.6180983683712","3.87222317625947"
"4434","195116","43.6346284787837","3.82782391648175"
"4435","1950FB","43.6083808734573","3.88195890100724"
"4436","19510D","43.6190707922332","3.87411446903866"
"4437","195104","43.6152552805268","3.88761373611101"
"4438","1950FE","43.6035391010367","3.89575557075841"
"4439","19586B","43.6084259343938","3.86331137672346"
"4440","195108","43.6425999783394","3.8194932480842"
"4442","195871","43.5924567707641","3.87303047072271"
"4443","195118","43.6313292237155","3.84404465376031"
"4444","19586F","43.6270281247335","3.88896117957745"
"4445","1950F8","43.6051031896306","3.8782199679921"
"4446","195115","43.6345822974423","3.82785740387703"
"4447","1950FD","43.6338182646371","3.82290290161086"
"4448","1950F7","43.6073772704356","3.86603835883045"
"4449","195105","43.603512371617","3.86758946933355"
"4450","19510F","43.6147886799278","3.88713782178979"
"4451","19510B","43.6065233146885","3.86465131441457"
"4452","195117","43.605657426194","3.88360015568628"
"4453","195102","43.6150591585373","3.8804195408627"
"4454","195100","43.6423544102515","3.81949062423303"
"4455","19587A","43.6194826678816","3.87364024842532"
"4456","19586D","43.6026899051083","3.87171806697188"
"4457","195873","43.629797103543","3.88568992980356"
"4458","195111","43.6333067562391","3.83173439411962"
"4459","195113","43.6048995835034","3.87767649805824"
"4460","19586E","43.6292040402329","3.878435082603"
"4461","195879","43.6458212243489","3.84070996619528"
"4462","195119","43.6051626331046","3.87809664497547"
"4463","195109","43.6073675783029","3.88186682989135"
"4464","195114","43.609098029352","3.87052828708374"
"4465","195110","43.619732622546","3.87453884963236"
"4466","19510E","43.6200453598038","3.87371461292275"
"4467","195874","43.5927643938122","3.87154429908776"
"4468","1950E7","43.6143692693568","3.82585862752126"
"4469","1950EA","43.6016224908274","3.8493537530785"
"4470","1950BB","43.5981034397276","3.83350382774813"
"4471","1950B9","43.6014138902268","3.89314860980653"
"4472","1950AF","43.6377805500239","3.86887956745602"
"4473","1950ED","43.6172019439049","3.82286901863449"
"4474","1950B5","43.633201607724","3.83159266634152"
"4475","1950D7","43.6142194555303","3.82645779411519"
"4476","1950E4","43.6128006","3.9056416"
"4477","1950C4","43.596534959039","3.89830974982806"
"4478","1950AE","43.637954512586","3.86895748220491"
"4479","1950EE","43.6119658472034","3.82970755287795"
"4480","1950E3","43.605100989772","3.91150085060065"
"4481","1950F3","43.6209829803766","3.84050503435219"
"4482","1950E2","43.6107306248307","3.90097063331837"
"4483","1950AC","43.5880895920973","3.86629816968468"
"4484","1950C8","43.6167477880153","3.91132989966877"
"4485","1950E5","43.6181370265599","3.901418263609"
"4486","1950BA","43.5982729622239","3.83296405027022"
"4487","1950B4","43.6130941577411","3.85241578163846"
"4488","1950B6","43.616911319562","3.91151147621383"
"4489","1950C1","43.6104171216355","3.90054898267545"
"4490","1950F0","43.6142384561848","3.82294071204217"
"4491","1950C6","43.6411409040101","3.81418506599994"
"4492","1950C7","43.6365702318919","3.83797369171555"
"4493","1950B2","43.6147623246087","3.90823735072377"
"4494","1950F1","43.6172226866757","3.8228129616333"
"4495","1950B0","43.6284734118756","3.86117728548038"
"4496","1950AD","43.6365676245664","3.83799728249073"
"4497","1950F2","43.6117774923337","3.83312833185801"
"4498","1950B7","43.5965508739485","3.89835649721863"
"4499","1950BC","43.6062950464592","3.8476178969438"
"4500","1950EB","43.6229217827942","3.84982311994611"
"4501","1950B8","43.598090288262","3.83314069338167"
"4502","1950AB","43.6413482846638","3.81455667954037"
"4503","1950BD","43.6106452396892","3.90511348403174"
"4504","1950EC","43.6219047198002","3.84461199418195"
"4505","1950C0","43.6019525","3.8497908"
"4506","1950BF","43.6149928052803","3.9085244910957"
"4507","1950C5","43.6410145633823","3.81398433861125"
"4508","1950B3","43.6018084535197","3.84951967340305"
"4509","1950E1","43.6188178744692","3.9011381720677"
"4510","1950B1","43.6147745857386","3.91302930181416"
"4511","1950C2","43.5981157208883","3.83346524693377"
"4512","1950E8","43.619363642265","3.84272552209541"
"4513","1950E6","43.5982820903894","3.83293887058414"
"4514","1950E9","43.6163548666418","3.83617390233246"
"4515","1950C3","43.6007711404094","3.91416250552197"
"4516","1950F4","43.6249283828598","3.84074042436191"
"4517","1950AA","43.594936861238","3.86975567138586"
"4518","1958DD","43.5994425","3.8458271"
"4519","1958CB","43.5802557403688","3.87795395233161"
"4520","1958D8","43.5961566926494","3.83866032729259"
"4521","195FD3","43.5926429756541","3.87802496772463"
"4522","195FBF","43.6168035849477","3.93050478487487"
"4523","195FCC","43.605907878376","3.91007271786805"
"4524","195FC7","43.5924803402049","3.8851220877367"
"4525","1958DB","43.5994409","3.8459283"
"4526","1958D0","43.5913406435917","3.88203529314808"
"4527","195FC4","43.6044424129604","3.90747461060266"
"4528","195FC0","43.5937709","3.8408889"
"4529","1958D3","43.5949785111891","3.83918314116704"
"4530","1958CC","43.5959131926214","3.87845603836331"
"4531","195FC8","43.6195322249698","3.90208420108843"
"4532","195FCE","43.5937173590726","3.88608465036532"
"4533","1958DC","43.5939428187507","3.88041788751741"
"4534","195FCD","43.6134252118634","3.90614968052967"
"4535","1958D6","43.5906720685301","3.88173584294691"
"4536","1958D2","43.5935577756185","3.84055068781709"
"4537","195FCF","43.5855410316358","3.85866314664634"
"4538","1958D7","43.5938029304845","3.89204397360743"
"4539","1958DE","43.5954103586532","3.83805834667317"
"4540","1958C9","43.5949834417626","3.88028766962452"
"4541","1958CA","43.5967933","3.8322108"
"4542","1958D4","43.5962935658497","3.83840295420237"
"4543","195FBB","43.6063136188014","3.83293185245202"
"4544","1958D5","43.5965147","3.8409787"
"4545","195FC1","43.60629910814","3.83292561082499"
"4546","195FD1","43.5915720871469","3.86295225442291"
"4547","195FBA","43.596391734262","3.83620592786883"
"4548","195FC6","43.6170832607094","3.92931884952827"
"4549","1958DA","43.5979518849015","3.89132076116221"
"4550","195FC5","43.5919825408197","3.87973045049432"
"4551","195FBD","43.6195686853292","3.90286130104278"
"4552","1958CF","43.5951439","3.8381268"
"4553","195FD6","43.616549702459","3.93001402844391"
"4554","195FCA","43.5853252752849","3.85862848180238"
"4555","195FBC","43.5934360783106","3.89702788925717"
"4556","1958D9","43.5931908762256","3.84156161203691"
"4557","195FD5","43.5916879195163","3.88027751426216"
"4558","195FD0","43.5855275315127","3.85868587135985"
"4559","195FD2","43.6168568225315","3.93050472593836"
"4560","195FC3","43.6122800769743","3.90744329555685"
"4561","1958D1","43.5911113733032","3.88120371081868"
"4562","1958CD","43.5868225199121","3.88326373610084"
"4563","1958CE","43.5898301502805","3.88961354012633"
"4564","195FD4","43.5917272632944","3.88040596139888"
"4565","195FBE","43.619576642144","3.90275898686991"
"4566","195FC2","43.5894285457331","3.89494104297137"
"4567","195FCB","43.6183957477099","3.89958409424582"
"4568","1951A1","43.5902362041944","3.85365891090669"
"4569","194AA1","43.6171802325431","3.82299195079509"
"4570","194AA2","43.6141550639482","3.82343353195597"
"4571","195191","43.5992750912299","3.84684604972051"
"4572","195194","43.6001328803076","3.84563883768692"
"4573","1951A8","43.5806609898167","3.87770646563376"
"4574","194AA9","43.6262401667628","3.88981307727443"
"4575","194AAB","43.5982441163821","3.84510907726849"
"4576","1951A6","43.5802495384722","3.87793383235885"
"4577","194AB0","43.594604804222","3.86221691097921"
"4578","1951A7","43.5812871865473","3.8770137617704"
"4579","195198","43.5918593867797","3.88600281913284"
"4580","194AA3","43.5949391947045","3.84972695352917"
"4581","194AA7","43.6241077571335","3.86748830401291"
"4582","194AB2","43.5939809645605","3.88573454489733"
"4583","19518F","43.5995628748283","3.8450646855772"
"4584","19519B","43.6380240823293","3.8349008776961"
"4585","19519A","43.5918571031229","3.88589979922347"
"4586","194AA4","43.6145283013594","3.90756930181374"
"4587","19519D","43.5912493918942","3.84739849865798"
"4588","195196","43.6006446668167","3.84869174812457"
"4589","194AA5","43.5954193252861","3.83696224463574"
"4590","1951A5","43.5922944785013","3.88395480534552"
"4591","194AA6","43.6291832945573","3.81865846198946"
"4592","19519E","43.584073443281","3.88585946067997"
"4593","195190","43.6001083559553","3.84561757047982"
"4594","19519F","43.5939236210349","3.88287222861072"
"4595","19519C","43.592005854465","3.84417668051788"
"4596","194AAC","43.5992444776022","3.84369386619562"
"4597","194AA0","43.6283958340508","3.84237761108739"
"4598","194AAA","43.5993020521584","3.84361186472267"
"4599","194AAF","43.6006555226869","3.84882892990004"
"4600","194AA8","43.6011890647463","3.84830219260289"
"4601","194AAE","43.6004294427864","3.84827788709799"
"4602","194AAD","43.5997610166942","3.84468973369712"
"4603","195195","43.5990999460091","3.84285259572346"
"4604","1951A9","43.5932226743466","3.895917991484"
"4605","195193","43.6060367878817","3.85038064243486"
"4606","195192","43.5919027","3.8643631"
"4607","1951AB","43.5914537828308","3.88335212951256"
"4608","195197","43.5918822076362","3.88365352013932"
"4609","194A9F","43.6171820351767","3.8229524567347"
"4610","194A9E","43.5902832339585","3.8537142891978"
"4611","194AB3","43.6014099781297","3.8425907830532"
"4612","1951AC","43.5926970305795","3.87811028578551"
"4613","195199","43.59639172127","3.89121991909519"
"4614","1951A3","43.5841253050957","3.88588094958959"
"4615","1951AA","43.5931251372278","3.87876428961113"
"4616","194AB1","43.6011966773895","3.84860347619576"
"4617","1951A2","43.6152216313158","3.83925904364582"
"4618","1951CA","43.6229053021719","3.84979452405787"
"4619","1951C1","43.5943147313845","3.86724490810138"
"4620","1951AD","43.590777148884","3.88157425955535"
"4621","1951D2","43.5802079291646","3.87746618536858"
"4622","1951CF","43.6217167931519","3.84757602538571"
"4623","1951B5","43.6172567192865","3.8270309342314"
"4624","1951DD","43.6158151918371","3.82929212974091"
"4625","1951C2","43.6173012460931","3.82700251761889"
"4626","1951CC","43.6352570315014","3.87041086668535"
"4627","1951C9","43.623692491928","3.84933791900448"
"4628","1951C5","43.5937517","3.8725876"
"4629","1951BF","43.594885430319","3.88081987856413"
"4630","1951D9","43.6157785025935","3.82925955986138"
"4631","1951B9","43.5916674509397","3.88032243584223"
"4632","1951CD","43.6259356198606","3.83222129509272"
"4633","1951B7","43.5919609151238","3.87978535979823"
"4634","1951BD","43.5918822181891","3.87977406243931"
"4635","1951D3","43.5959239735617","3.88652462550192"
"4636","1951CB","43.6130520518989","3.82489595881634"
"4637","1951CE","43.6209479946242","3.84051095188056"
"4638","1951B4","43.5926760177238","3.87800025478805"
"4639","1951BA","43.6098915165802","3.8492792753924"
"4640","1951DE","43.591966","3.872258"
"4641","1951B1","43.5953197616699","3.88023899977884"
"4642","1951C8","43.5908715459528","3.88242829737385"
"4643","1951C6","43.6367845","3.83697"
"4644","1951D6","43.5926504247378","3.87800067662647"
"4645","1951B2","43.606353547392","3.85010994054142"
"4646","1951BC","43.6180393980476","3.83646780174422"
"4647","1951BE","43.5944880058152","3.88485029215406"
"4648","1951AE","43.6382316936401","3.83505537801307"
"4649","1951D0","43.6175713620458","3.83302596550379"
"4650","1951A0","43.6230761682868","3.84570603921156"
"4651","1951C7","43.6233101090989","3.84258246619959"
"4652","1951D1","43.6259795050713","3.83222282100178"
"4653","1951AF","43.5917053304124","3.88046001540886"
"4654","1951D7","43.5910850056185","3.88118182079324"
"4655","1951B6","43.5918537659173","3.87981955306645"
"4656","1951B3","43.61752384407","3.83309954682454"
"4657","1951A4","43.617280540695","3.82702454290086"
"4658","1951DC","43.6395401122744","3.81361771800744"
"4659","1951C4","43.5943178830464","3.86729228817194"
"4660","1951D8","43.6232501451279","3.84253755938494"
"4661","1951C3","43.6147648370326","3.82996574629487"
"4662","1951B0","43.6151986882049","3.83931670885215"
"4663","1951C0","43.590496393727","3.88217375595946"
"4664","1951BB","43.6228856731834","3.84462822612159"
"4665","1951DB","43.5919755931243","3.87172908794275"
"4666","1951D4","43.59202183","3.86407956"
"4667","1951D5","43.5916967923916","3.88022535936966"
"4668","196005","43.5994529849723","3.90768865120958"
"4669","195FE7","43.5978301","3.8453673"
"4670","195FE4","43.6301342057912","3.83084247855481"
"4671","195FEA","43.5959048609895","3.87852050378137"
"4672","195FFC","43.6236746942705","3.81338518227187"
"4673","196004","43.59337398","3.86235509"
"4674","195FFA","43.5954671267556","3.86300224491356"
"4675","195FDE","43.589801863138","3.8895784703991"
"4676","196007","43.6190447762082","3.90026375358946"
"4677","195FFF","43.592422942138","3.8691930173735"
"4678","195FDD","43.5967857085436","3.88696045148004"
"4679","195FDA","43.633255179115","3.83165297408812"
"4680","196002","43.6188840521372","3.91925052057763"
"4681","195FD7","43.5842496433538","3.88783911379551"
"4682","195FEB","43.6225751915783","3.82219256827909"
"4683","195FEE","43.6135501022621","3.9070736695578"
"4684","195FE9","43.6228323967306","3.81773234510297"
"4685","195FF4","43.5994975121519","3.90778545729029"
"4686","195FEF","43.6301903219108","3.83058020075327"
"4687","195FE6","43.591553995164","3.88157906827814"
"4688","195FE2","43.6039260917319","3.84632216269279"
"4690","195FFB","43.6140024693818","3.90838766150853"
"4691","195FF6","43.5929063091123","3.8749299035635"
"4692","195FF3","43.5873233592285","3.85232834751469"
"4693","195FEC","43.6125427","3.907079"
"4694","195FE3","43.622557703224","3.82226271625882"
"4695","195FDC","43.6351674046026","3.82729275728866"
"4696","196006","43.6190768583801","3.90024323760349"
"4697","195FED","43.614010083409","3.90837869953532"
"4698","196000","43.5914954018436","3.84303781119388"
"4699","195FDF","43.592796","3.8419682"
"4700","195FE8","43.6323793818136","3.83017152241609"
"4701","196008","43.6191208806458","3.90008440170698"
"4702","195FFE","43.5961934050822","3.87349796057208"
"4703","195FE5","43.593911803979","3.8427849441166"
"4704","195FE0","43.5952315892007","3.83579092998116"
"4705","195FF7","43.6181862595529","3.90138904341029"
"4706","196009","43.59416755348","3.85212695562382"
"4707","196003","43.5913929117999","3.84843816205921"
"4708","195FD9","43.5911801714144","3.88264707170401"
"4709","195FE1","43.5979107912255","3.89138914125579"
"4710","195FF1","43.6328034071884","3.8340766962225"
"4711","195FFD","43.5961649756998","3.83869451083501"
"4712","195FF8","43.5933336173267","3.86032599317309"
"4713","195FF9","43.5962149728425","3.84282898165065"
"4714","195FF0","43.6191309508511","3.91647553985649"
"4715","195FF2","43.5977896","3.8454483"
"4716","195FD8","43.5922324662299","3.88511090355757"
"4717","195FF5","43.6327856525604","3.83409308393766"
"4718","195891","43.5927024420578","3.8639276583832"
"4719","19588D","43.5927391666452","3.87164502552673"
"4720","1950DC","43.5943989150944","3.86375305358729"
"4721","1950CD","43.5942008890341","3.84067480896056"
"4722","195884","43.6106452","3.905166"
"4723","195892","43.5927835315517","3.86376228155223"
"4724","1950D3","43.618813337696","3.83643404957445"
"4725","1950CB","43.5900557302784","3.85895171079392"
"4726","195882","43.5934077580934","3.87210834455107"
"4727","195880","43.5933896271839","3.87277740743048"
"4728","1950D9","43.6180832","3.836445"
"4729","19587F","43.6139356635956","3.90847016407542"
"4730","1950DF","43.5983459621749","3.84272204544311"
"4731","195887","43.5889369943397","3.86461342732196"
"4732","195893","43.5889494586423","3.86100821905006"
"4733","1950D2","43.5987335818238","3.84266851550024"
"4734","195883","43.5924092694614","3.86447421168634"
"4735","195881","43.5919769601949","3.87171145673619"
"4736","1950D5","43.593558053725","3.87827252983266"
"4737","1950DA","43.5905377163986","3.86242716114532"
"4738","195888","43.6163417092278","3.91075490474668"
"4739","195885","43.5929713310353","3.86357617182534"
"4740","19588C","43.5914709092898","3.8429756813448"
"4741","1950DD","43.5954728442383","3.86294968982395"
"4742","19588B","43.5923953901644","3.86444424332228"
"4743","195886","43.590246988251","3.85869379423912"
"4744","1950D8","43.6176877999183","3.83623486566034"
"4745","19587E","43.6105966802049","3.90377845022363"
"4746","19587C","43.6114809354976","3.90781168266653"
"4747","1950CE","43.5999277175224","3.8446704192437"
"4748","1950CA","43.6119600408607","3.90633538935481"
"4749","19588F","43.5946455765139","3.86350345613016"
"4750","19588E","43.5928146402222","3.87234246971082"
"4751","1950DB","43.5953499363202","3.86846688410265"
"4752","195889","43.5928856104136","3.87490792128222"
"4753","195894","43.6106274285119","3.90375825709066"
"4754","1950C9","43.5929927785964","3.86341601036793"
"4755","195877","43.5935054824116","3.86960404206616"
"4756","195890","43.6114710492996","3.9077699870536"
"4757","1950DE","43.618355530412","3.83204093432664"
"4758","1950D6","43.5898436257177","3.86322019675868"
"4759","1950CF","43.6399280056741","3.83872624300625"
"4760","19587D","43.591381632503","3.84838248505014"
"4761","195878","43.5917430156497","3.86459515536103"
"4762","1950D0","43.6237395021431","3.84677923800962"
"4763","1950D1","43.5967603315516","3.85422193376087"
"4764","1950D4","43.5949143463632","3.86781085026917"
"4765","19588A","43.5924477841118","3.86449223836564"
"4767","1950E0","43.6139028375194","3.90850659112198"
"4768","1958BF","43.6368172848693","3.8368348501906"
"4769","1958BB","43.6063148925564","3.84194946464368"
"4770","1958B5","43.6382206308931","3.8677875086089"
"4771","1958A1","43.6272776422755","3.87315946941374"
"4772","19589B","43.6404659761021","3.87268712688956"
"4773","1958A9","43.6352712928354","3.87043724760679"
"4774","1958A4","43.6313877720107","3.87557080422994"
"4775","195897","43.6366079242023","3.87403363755868"
"4776","1958C1","43.6262913991828","3.88234837608036"
"4777","1958A8","43.6270001524951","3.87536866018115"
"4778","1958B4","43.6201032390715","3.83842035991336"
"4779","1958A2","43.644931506448","3.86870707374862"
"4780","1958C7","43.6402120208368","3.87294662185013"
"4781","19589D","43.6320327564531","3.85449494829834"
"4782","1958B1","43.6252676979527","3.88942611358505"
"4783","1958AF","43.6043454928124","3.8435425463091"
"4784","1958B0","43.6391230028389","3.87342057866431"
"4785","1958BC","43.5873675","3.8670562"
"4786","1958A3","43.5973402639408","3.87035279793861"
"4787","19589A","43.6300718190305","3.87922444519688"
"4788","1958A5","43.6359177423442","3.83906172080856"
"4789","1958BE","43.6378509680089","3.86785475582724"
"4790","195896","43.6307527242176","3.86057808331361"
"4791","1958B8","43.6431796249666","3.81689436862098"
"4792","19589F","43.6289798109355","3.86787478837459"
"4793","1958C0","43.5998443218471","3.85468159580853"
"4794","195895","43.6313182447444","3.85610909812931"
"4795","1958AC","43.6142936021548","3.82353136945972"
"4796","1958BD","43.6284238011077","3.85967541520756"
"4797","1958AE","43.6307205247765","3.86059825941334"
"4798","1958AD","43.6427408042225","3.81558244034193"
"4799","1958C5","43.6391552592295","3.87340951479257"
"4800","1958C8","43.6278634","3.8815618"
"4801","1958B7","43.593875480166","3.86362689312773"
"4802","1958B3","43.6009957086588","3.8472291046096"
"4803","1958AA","43.6293857256449","3.87267360361318"
"4804","1958B2","43.6430508","3.8179424"
"4805","195898","43.6309155078915","3.86170186735171"
"4806","1958A0","43.6147171053172","3.82586606027439"
"4807","1958C4","43.6399102307381","3.8115658439624"
"4808","1958C6","43.6040843197041","3.84547914159543"
"4809","1958C2","43.625370320404","3.88951139313542"
"4810","1958AB","43.6365875765073","3.87437868243069"
"4812","195899","43.6345438306094","3.86595160197942"
"4813","1958A6","43.6382094611527","3.86835117123235"
"4814","1958A7","43.634533968449","3.86589943363958"
"4815","1958BA","43.6352476026093","3.87041235587981"
"4816","19589E","43.6142955","3.8245538"
"4817","1958B9","43.5953919160087","3.83697223969239"
"4818","195134","43.6278101123608","3.87422711431486"
"4819","19511E","43.5951250687382","3.86239202602997"
"4820","19512E","43.5917264068521","3.85818578152794"
"4821","195137","43.6433783254754","3.82076483451874"
"4822","195120","43.6308020598914","3.81922541432414"
"4823","195133","43.5939057397948","3.86363939126863"
"4824","19511F","43.596372269838","3.86364328577133"
"4825","195129","43.6203794807776","3.84054817098058"
"4826","194A38","43.5942779","3.8405458"
"4827","19512D","43.5954830378309","3.86347197986765"
"4828","195131","43.618571549176","3.83603388239635"
"4829","195132","43.6245727853408","3.84225445852894"
"4830","195142","43.5933087582184","3.86434420618127"
"4831","19513A","43.6401117913929","3.81182808977042"
"4832","194A3E","43.5961109247766","3.86339195963672"
"4833","195139","43.6210674358349","3.84053388704956"
"4834","19512C","43.634588148048","3.82793964891118"
"4835","19513D","43.6407444656588","3.8184645363167"
"4836","195121","43.5998201600087","3.85487996697077"
"4837","19512F","43.6203931248299","3.84058969636942"
"4838","195135","43.6217485114512","3.85194618677519"
"4839","195122","43.5873886039032","3.86031150659835"
"4840","195125","43.5932281747661","3.87336072136134"
"4841","195140","43.6204757582711","3.84964530922014"
"4842","19511C","43.630806456885","3.81925016440118"
"4843","195141","43.5933455818817","3.86436917408764"
"4844","195127","43.5917653487417","3.85822575526959"
"4845","195124","43.5962667105487","3.84651884704749"
"4846","195144","43.6185414206135","3.836031134329"
"4847","19513B","43.6143647527853","3.82596656840019"
"4848","195136","43.5862012013373","3.86772139621598"
"4849","194A3D","43.5869872270932","3.85996904569788"
"4850","194A3C","43.5955001670058","3.86348473207204"
"4851","194A39","43.6130793631199","3.83477299420747"
"4852","19513E","43.6340291755176","3.8286758670389"
"4853","19511D","43.6138554752287","3.84378773194339"
"4854","19512B","43.6343020864229","3.82830087670345"
"4855","19513C","43.6418328981791","3.85608793331153"
"4856","195128","43.6430265907612","3.81735734278129"
"4857","19512A","43.6424922963452","3.85551086374403"
"4858","194A3A","43.5958707075124","3.86308803407087"
"4859","19511A","43.5850662626505","3.86306333421248"
"4860","19513F","43.6418007768525","3.85611154664525"
"4861","195143","43.6245120108684","3.84224777425243"
"4862","195126","43.6270530562035","3.8751458805184"
"4863","195130","43.6352112801042","3.82734041965705"
"4864","194A3B","43.6293727977966","3.84364907906274"
"4865","195138","43.6231304430007","3.81334535419444"
"4866","195123","43.5932237967714","3.87401224518123"
"4867","19511B","43.6232504708904","3.84427159488439"
"4986","ARCEAUX 8","43.6115117400522","3.86571515896026"
"5007","19ADB4","43.6123197647795","3.86690909394837"
"5014","ARCEAUX 7","43.6115031030665","3.86566623539102"
